{
  "model_info": {
    "type": "Ridge Regression",
    "library": "scikit-learn",
    "date_trained": "2025-10-27 21:38:52.695751"
  },
  "hyperparameters": {
    "pca_variance_threshold": 0.95,
    "pca_components": 70,
    "ridge_alpha": 1000.0
  },
  "feature_extraction": {
    "spectrogram": {
      "sample_rate": 22050,
      "n_fft": 2048,
      "hop_length": 512,
      "n_mels": 40,
      "target_duration": 30.0
    },
    "stats_features": {
      "n_mfcc": 13,
      "n_chroma": 12,
      "includes_temporal": true,
      "includes_spectral": true,
      "includes_rhythm": true,
      "includes_harmonic": true
    },
    "original_features": 246,
    "pca_reduced_features": 70
  },
  "performance": {
    "train_r2": 0.3003851383192067,
    "cv_r2": 0.22398169002504642,
    "test_r2": 0.23712636770234433,
    "test_mae": 2.9237799740037063,
    "train_test_gap": 0.06325877061686239,
    "cv_std": 0.024902012284460363,
    "per_target": {
      "danceability": {
        "r2": 0.39099117038003406,
        "mae": 0.10865833721612486,
        "quality": "strong"
      },
      "energy": {
        "r2": 0.581964503954407,
        "mae": 0.1414400298527571,
        "quality": "strong"
      },
      "key": {
        "r2": 0.05331923209236078,
        "mae": 3.259742649790867,
        "quality": "weak"
      },
      "loudness": {
        "r2": 0.4279032004288231,
        "mae": 2.6451627580580372,
        "quality": "strong"
      },
      "mode": {
        "r2": -0.004170850381092661,
        "mae": 0.41850959953035993,
        "quality": "weak"
      },
      "speechiness": {
        "r2": 0.11903901484681245,
        "mae": 0.03228370349696502,
        "quality": "weak"
      },
      "acousticness": {
        "r2": 0.4654449987802235,
        "mae": 0.20943078913647253,
        "quality": "strong"
      },
      "instrumentalness": {
        "r2": 0.2596034118748326,
        "mae": 0.2677207323430447,
        "quality": "moderate"
      },
      "liveness": {
        "r2": 0.05138797759871028,
        "mae": 0.11003051379856625,
        "quality": "weak"
      },
      "valence": {
        "r2": 0.2292852263576467,
        "mae": 0.18274040751518048,
        "quality": "moderate"
      },
      "tempo": {
        "r2": 0.033622158793029766,
        "mae": 24.78586019330239,
        "quality": "weak"
      }
    }
  },
  "training_data": {
    "n_train_samples": 1383,
    "n_test_samples": 346,
    "test_size": 0.2,
    "random_state": 42
  },
  "targets": [
    "danceability",
    "energy",
    "key",
    "loudness",
    "mode",
    "speechiness",
    "acousticness",
    "instrumentalness",
    "liveness",
    "valence",
    "tempo"
  ],
  "comparison": {
    "baseline_r2": 0.22,
    "improvement": 0.017126367702344325,
    "pct_improvement": 7.784712591974693
  }
}